EVENT	GENE	event_gene	aso_name	aso_id	sequence
HsaEX0026116	FNBP1	HsaEX0026116_FNBP1	A	A1	UUGCUGCUUGGGAGACUGGG
HsaEX0026116	FNBP1	HsaEX0026116_FNBP1	A	A2	AGCAGAACUUACCCCACGCU
HsaEX0034998	KRAS	HsaEX0034998_KRAS	B	B1	GCAUCCUCCACUCUCUGCAU
HsaEX0070392	VLDLR	HsaEX0070392_VLDLR	C	C2	GUACUGAACUCAAUACCUCC
HsaEX0050345	PRPF18	HsaEX0050345_PRPF18	E	E2	UGCGAACCAGCAUUACCCCG
HsaEX0049558	PPP1R12A	HsaEX0049558_PPP1R12A	F	F1	CGAUUUGAGGUACUAUAGCA
HsaEX0044398	NUP85	HsaEX0044398_NUP85	G	G1	CUGCAGCACCAAGAUGGUCA
HsaEX0044398	NUP85	HsaEX0044398_NUP85	G	G3	GGCAUCGGCUUCCUUGGAGA
HsaEX0071941	YAP1	HsaEX0071941_YAP1	H	H1	CCGCAUUGCCUAAGAGUAAA
HsaEX0052877	RCC1	HsaEX0052877_RCC1	I	I2	CCGCAGGCACCUUGGCAGGA
